-- phpMyAdmin SQL Dump
-- version 5.2.1
-- https://www.phpmyadmin.net/
--
-- Máy chủ: localhost
-- Thời gian đã tạo: Th12 09, 2025 lúc 05:30 PM
-- Phiên bản máy phục vụ: 10.4.28-MariaDB
-- Phiên bản PHP: 8.1.17

SET SQL_MODE = "NO_AUTO_VALUE_ON_ZERO";
START TRANSACTION;
SET time_zone = "+00:00";


/*!40101 SET @OLD_CHARACTER_SET_CLIENT=@@CHARACTER_SET_CLIENT */;
/*!40101 SET @OLD_CHARACTER_SET_RESULTS=@@CHARACTER_SET_RESULTS */;
/*!40101 SET @OLD_COLLATION_CONNECTION=@@COLLATION_CONNECTION */;
/*!40101 SET NAMES utf8mb4 */;

--
-- Cơ sở dữ liệu: `coffeeShop`
--

-- --------------------------------------------------------

--
-- Cấu trúc bảng cho bảng `bangChamCong`
--

CREATE TABLE `bangChamCong` (
  `idChamCong` bigint(20) NOT NULL,
  `idNhanVien` int(11) NOT NULL,
  `gioVao` datetime NOT NULL,
  `gioRa` datetime DEFAULT NULL,
  `soGioCong` decimal(5,2) DEFAULT 0.00,
  `tongGioLam` decimal(5,2) DEFAULT 0.00
) ENGINE=InnoDB DEFAULT CHARSET=utf8mb4 COLLATE=utf8mb4_unicode_ci;

--
-- Đang đổ dữ liệu cho bảng `bangChamCong`
--

INSERT INTO `bangChamCong` (`idChamCong`, `idNhanVien`, `gioVao`, `gioRa`, `soGioCong`, `tongGioLam`) VALUES
(1, 2, '2025-12-04 02:06:45', '2025-12-04 03:58:58', 1.87, 1.87),
(2, 4, '2025-12-04 02:06:45', '2025-12-04 03:58:58', 1.87, 1.87),
(3, 1, '2025-12-04 02:06:51', '2025-12-04 03:59:09', 1.87, 1.87),
(4, 1, '2025-12-08 22:44:21', '2025-12-08 23:26:02', 0.69, 0.69),
(5, 2, '2025-12-08 22:44:39', '2025-12-08 23:23:31', 0.65, 0.65),
(6, 1, '2025-12-09 02:38:27', '2025-12-09 22:08:49', 8.00, 8.00),
(7, 2, '2025-12-05 07:00:00', '2025-12-05 15:00:00', 8.00, 8.00),
(8, 3, '2025-12-05 07:15:00', '2025-12-05 15:15:00', 8.00, 8.00),
(9, 4, '2025-12-05 14:00:00', '2025-12-05 22:00:00', 8.00, 8.00),
(10, 5, '2025-12-05 14:00:00', '2025-12-05 22:00:00', 8.00, 8.00),
(11, 2, '2025-12-06 07:05:00', '2025-12-06 12:05:00', 5.00, 5.00),
(12, 3, '2025-12-06 07:00:00', '2025-12-06 15:00:00', 8.00, 8.00),
(13, 4, '2025-12-06 15:00:00', '2025-12-06 23:00:00', 8.00, 8.00),
(14, 1, '2025-12-07 08:00:00', '2025-12-07 18:00:00', 10.00, 10.00),
(15, 2, '2025-12-07 07:00:00', '2025-12-07 15:00:00', 8.00, 8.00),
(16, 3, '2025-12-07 09:00:00', '2025-12-07 17:00:00', 8.00, 8.00),
(17, 4, '2025-12-07 15:00:00', '2025-12-07 23:00:00', 8.00, 8.00),
(18, 5, '2025-12-07 17:00:00', '2025-12-07 23:00:00', 6.00, 6.00),
(19, 3, '2025-12-08 07:00:00', '2025-12-08 11:30:00', 4.50, 4.50),
(20, 4, '2025-12-08 12:00:00', '2025-12-08 20:00:00', 8.00, 8.00),
(21, 6, '2025-12-09 22:09:57', '2025-12-09 22:11:57', 0.03, 0.03);

-- --------------------------------------------------------

--
-- Cấu trúc bảng cho bảng `chiTietHoaDon`
--

CREATE TABLE `chiTietHoaDon` (
  `idHoaDon` bigint(20) NOT NULL,
  `idSanPham` int(11) NOT NULL,
  `soLuong` int(11) DEFAULT NULL,
  `donGia` decimal(10,2) DEFAULT NULL,
  `thueVAT` decimal(5,2) DEFAULT NULL,
  `idNganHang` int(11) DEFAULT NULL,
  `thanhTien` decimal(12,2) GENERATED ALWAYS AS (`soLuong` * `donGia` * (1 + `thueVAT` / 100)) STORED,
  `isActive` tinyint(1) DEFAULT 1
) ENGINE=InnoDB DEFAULT CHARSET=utf8mb4 COLLATE=utf8mb4_unicode_ci;

--
-- Đang đổ dữ liệu cho bảng `chiTietHoaDon`
--

INSERT INTO `chiTietHoaDon` (`idHoaDon`, `idSanPham`, `soLuong`, `donGia`, `thueVAT`, `idNganHang`, `isActive`) VALUES
(11, 1, 2, 25000.00, 10.00, NULL, 1),
(12, 1, 2, 25000.00, 10.00, NULL, 1),
(12, 7, 1, 45000.00, 10.00, NULL, 1),
(12, 8, 1, 45000.00, 10.00, NULL, 1),
(12, 9, 1, 40000.00, 10.00, NULL, 1),
(12, 11, 1, 40000.00, 10.00, NULL, 1),
(12, 12, 1, 50000.00, 10.00, NULL, 1),
(12, 13, 4, 30000.00, 10.00, NULL, 1),
(12, 14, 3, 35000.00, 10.00, NULL, 1),
(13, 1, 3, 25000.00, 10.00, NULL, 1),
(14, 1, 1, 25000.00, 10.00, NULL, 1),
(14, 2, 3, 29000.00, 10.00, NULL, 1),
(14, 10, 1, 35000.00, 10.00, NULL, 1),
(14, 11, 1, 40000.00, 10.00, NULL, 1),
(15, 1, 4, 25000.00, 10.00, NULL, 1),
(15, 2, 1, 29000.00, 10.00, NULL, 1),
(15, 4, 1, 30000.00, 10.00, NULL, 1),
(15, 7, 1, 45000.00, 10.00, NULL, 1),
(16, 1, 2, 25000.00, 10.00, NULL, 1),
(17, 11, 3, 40000.00, 10.00, NULL, 1),
(18, 1, 1, 25000.00, 10.00, 4, 1),
(19, 4, 2, 30000.00, 10.00, 4, 1),
(19, 5, 1, 45000.00, 10.00, 4, 1),
(20, 1, 2, 25000.00, 10.00, 4, 1),
(22, 4, 1, 30000.00, 10.00, 4, 1),
(22, 5, 2, 45000.00, 10.00, 4, 1),
(22, 7, 4, 45000.00, 10.00, 4, 1),
(22, 13, 2, 30000.00, 10.00, 4, 1),
(23, 1, 2, 25000.00, 10.00, NULL, 1),
(24, 3, 1, 35000.00, 10.00, 4, 1),
(24, 12, 1, 50000.00, 10.00, 4, 1),
(25, 10, 4, 35000.00, 10.00, 3, 1),
(26, 4, 1, 30000.00, 10.00, NULL, 1),
(26, 6, 1, 45000.00, 10.00, NULL, 1),
(27, 2, 1, 29000.00, 10.00, 1, 1),
(27, 7, 2, 45000.00, 10.00, 1, 1),
(27, 8, 2, 45000.00, 10.00, 1, 1),
(28, 14, 1, 35000.00, 10.00, NULL, 1),
(29, 1, 5, 25000.00, 10.00, NULL, 1),
(31, 5, 3, 45000.00, 10.00, 2, 1),
(32, 11, 1, 40000.00, 10.00, NULL, 1),
(100, 1, 2, 25000.00, 10.00, 4, 1),
(101, 7, 2, 45000.00, 10.00, NULL, 1),
(102, 10, 4, 35000.00, 10.00, 3, 1),
(103, 3, 1, 35000.00, 10.00, NULL, 1),
(104, 4, 1, 30000.00, 10.00, 4, 1),
(104, 6, 1, 45000.00, 10.00, 4, 1),
(105, 1, 1, 25000.00, 10.00, NULL, 1),
(106, 12, 1, 50000.00, 10.00, 4, 1),
(107, 10, 3, 35000.00, 10.00, NULL, 1),
(108, 5, 1, 45000.00, 10.00, 4, 1),
(109, 4, 1, 30000.00, 10.00, NULL, 1),
(110, 2, 2, 29000.00, 10.00, 4, 1),
(111, 1, 5, 25000.00, 10.00, NULL, 1),
(112, 3, 1, 35000.00, 10.00, 1, 1),
(112, 12, 1, 50000.00, 10.00, 1, 1),
(113, 11, 1, 40000.00, 10.00, NULL, 1),
(114, 7, 4, 45000.00, 10.00, 4, 1),
(115, 13, 1, 30000.00, 10.00, NULL, 1),
(116, 4, 1, 30000.00, 10.00, 4, 1),
(116, 5, 1, 45000.00, 10.00, 4, 1),
(117, 12, 1, 50000.00, 10.00, NULL, 1),
(118, 1, 1, 25000.00, 10.00, 2, 1),
(119, 6, 1, 45000.00, 10.00, NULL, 1),
(120, 12, 3, 50000.00, 10.00, 4, 1),
(121, 10, 1, 35000.00, 10.00, NULL, 1),
(121, 13, 1, 30000.00, 10.00, NULL, 1),
(122, 1, 4, 25000.00, 10.00, 3, 1),
(123, 8, 2, 45000.00, 10.00, NULL, 1),
(124, 2, 1, 29000.00, 10.00, 4, 1),
(125, 4, 1, 30000.00, 10.00, NULL, 1),
(125, 7, 1, 45000.00, 10.00, NULL, 1),
(126, 12, 1, 50000.00, 10.00, 4, 1),
(127, 1, 1, 25000.00, 10.00, NULL, 1),
(128, 5, 3, 45000.00, 10.00, 1, 1),
(129, 10, 1, 35000.00, 10.00, NULL, 1),
(130, 1, 2, 25000.00, 10.00, 2, 1),
(131, 4, 1, 30000.00, 10.00, NULL, 1),
(131, 10, 1, 35000.00, 10.00, NULL, 1),
(131, 12, 1, 50000.00, 10.00, NULL, 1),
(132, 11, 1, 40000.00, 10.00, 3, 1),
(133, 1, 1, 25000.00, 10.00, NULL, 1),
(134, 10, 5, 35000.00, 10.00, 4, 1),
(135, 7, 2, 45000.00, 10.00, NULL, 1),
(136, 2, 1, 29000.00, 10.00, 4, 1),
(137, 9, 2, 40000.00, 10.00, NULL, 1),
(138, 12, 1, 50000.00, 10.00, 4, 1),
(139, 1, 1, 25000.00, 10.00, NULL, 1),
(200, 1, 1, 25000.00, 10.00, 4, 1),
(201, 2, 2, 29000.00, 10.00, NULL, 1),
(202, 12, 2, 50000.00, 10.00, 4, 1),
(203, 10, 2, 35000.00, 10.00, NULL, 1),
(204, 4, 1, 30000.00, 10.00, 3, 1),
(205, 1, 5, 25000.00, 10.00, NULL, 1),
(206, 8, 2, 45000.00, 10.00, 1, 1),
(207, 6, 1, 45000.00, 10.00, NULL, 1),
(208, 9, 2, 40000.00, 10.00, 4, 1),
(209, 14, 1, 35000.00, 10.00, NULL, 1),
(210, 1, 2, 25000.00, 10.00, 4, 1),
(211, 11, 4, 40000.00, 10.00, NULL, 1),
(212, 2, 1, 29000.00, 10.00, 2, 1),
(213, 1, 1, 25000.00, 10.00, NULL, 1),
(214, 5, 3, 45000.00, 10.00, 4, 1),
(215, 3, 1, 35000.00, 10.00, NULL, 1),
(215, 7, 1, 45000.00, 10.00, NULL, 1),
(216, 7, 4, 45000.00, 10.00, 1, 1),
(217, 13, 1, 30000.00, 10.00, NULL, 1),
(218, 12, 1, 50000.00, 10.00, 2, 1),
(219, 9, 1, 40000.00, 10.00, NULL, 1),
(220, 12, 3, 50000.00, 10.00, 4, 1),
(221, 1, 1, 25000.00, 10.00, NULL, 1),
(221, 13, 1, 30000.00, 10.00, NULL, 1),
(222, 8, 10, 45000.00, 10.00, 1, 1),
(223, 1, 10, 25000.00, 10.00, 1, 1),
(224, 10, 4, 35000.00, 10.00, NULL, 1),
(225, 3, 1, 35000.00, 10.00, 3, 1),
(225, 12, 1, 50000.00, 10.00, 3, 1),
(226, 12, 1, 50000.00, 10.00, NULL, 1),
(227, 1, 1, 25000.00, 10.00, 4, 1),
(228, 2, 1, 29000.00, 10.00, NULL, 1),
(228, 10, 1, 35000.00, 10.00, NULL, 1),
(229, 4, 1, 30000.00, 10.00, 4, 1),
(229, 5, 1, 45000.00, 10.00, 4, 1),
(230, 13, 4, 30000.00, 10.00, NULL, 1),
(231, 11, 1, 40000.00, 10.00, 2, 1),
(232, 1, 2, 25000.00, 10.00, NULL, 1),
(233, 12, 2, 50000.00, 10.00, 4, 1),
(234, 3, 1, 35000.00, 10.00, NULL, 1),
(235, 7, 3, 45000.00, 10.00, 4, 1),
(236, 1, 1, 25000.00, 10.00, NULL, 1),
(237, 5, 1, 45000.00, 10.00, 1, 1),
(237, 10, 1, 35000.00, 10.00, 1, 1),
(238, 4, 1, 30000.00, 10.00, NULL, 1),
(239, 12, 1, 50000.00, 10.00, 4, 1),
(300, 1, 2, 25000.00, 10.00, 4, 1),
(301, 10, 1, 35000.00, 10.00, NULL, 1),
(302, 12, 2, 50000.00, 10.00, 2, 1),
(303, 2, 2, 29000.00, 10.00, NULL, 1),
(304, 7, 2, 45000.00, 10.00, 3, 1),
(305, 1, 5, 25000.00, 10.00, NULL, 1),
(306, 4, 1, 30000.00, 10.00, 4, 1),
(307, 5, 1, 45000.00, 10.00, NULL, 1),
(308, 9, 2, 40000.00, 10.00, 1, 1),
(309, 14, 1, 35000.00, 10.00, NULL, 1),
(310, 1, 2, 25000.00, 10.00, 4, 1),
(311, 11, 4, 40000.00, 10.00, NULL, 1),
(312, 2, 1, 29000.00, 10.00, 2, 1),
(313, 1, 1, 25000.00, 10.00, NULL, 1),
(314, 6, 3, 45000.00, 10.00, 4, 1),
(315, 1, 10, 25000.00, 10.00, NULL, 1),
(316, 10, 5, 35000.00, 10.00, 3, 1),
(317, 7, 5, 45000.00, 10.00, 4, 1),
(317, 12, 5, 50000.00, 10.00, 4, 1),
(318, 11, 4, 40000.00, 10.00, NULL, 1),
(319, 3, 1, 35000.00, 10.00, 1, 1),
(319, 12, 1, 50000.00, 10.00, 1, 1),
(320, 8, 2, 45000.00, 10.00, NULL, 1),
(321, 12, 1, 50000.00, 10.00, 2, 1),
(322, 1, 1, 25000.00, 10.00, NULL, 1),
(323, 2, 1, 29000.00, 10.00, 4, 1),
(323, 10, 1, 35000.00, 10.00, 4, 1),
(324, 4, 1, 30000.00, 10.00, NULL, 1),
(324, 5, 1, 45000.00, 10.00, NULL, 1),
(325, 13, 4, 30000.00, 10.00, 3, 1),
(326, 11, 1, 40000.00, 10.00, NULL, 1),
(327, 1, 2, 25000.00, 10.00, 2, 1),
(328, 12, 2, 50000.00, 10.00, NULL, 1),
(329, 3, 1, 35000.00, 10.00, 4, 1),
(330, 7, 3, 45000.00, 10.00, NULL, 1),
(331, 8, 2, 45000.00, 10.00, 1, 1),
(332, 5, 1, 45000.00, 10.00, NULL, 1),
(332, 10, 1, 35000.00, 10.00, NULL, 1),
(333, 4, 1, 30000.00, 10.00, 2, 1),
(334, 12, 1, 50000.00, 10.00, NULL, 1),
(400, 3, 1, 35000.00, 10.00, 1, 1),
(400, 7, 1, 40000.00, 10.00, 1, 1),
(401, 1, 2, 25000.00, 10.00, NULL, 1),
(402, 1, 5, 25000.00, 10.00, 4, 1),
(403, 10, 1, 35000.00, 10.00, NULL, 1),
(404, 12, 2, 50000.00, 10.00, 2, 1),
(405, 2, 2, 29000.00, 10.00, NULL, 1),
(406, 4, 1, 30000.00, 10.00, 1, 1),
(407, 7, 2, 45000.00, 10.00, NULL, 1),
(408, 11, 4, 40000.00, 10.00, 4, 1),
(409, 6, 1, 45000.00, 10.00, NULL, 1),
(410, 1, 1, 25000.00, 10.00, 3, 1),
(411, 9, 2, 40000.00, 10.00, NULL, 1),
(412, 2, 1, 29000.00, 10.00, 2, 1),
(413, 7, 4, 45000.00, 10.00, NULL, 1),
(414, 12, 1, 50000.00, 10.00, 4, 1),
(415, 11, 1, 40000.00, 10.00, NULL, 1),
(416, 1, 1, 25000.00, 10.00, 1, 1),
(417, 2, 1, 29000.00, 10.00, NULL, 1),
(417, 10, 1, 35000.00, 10.00, NULL, 1),
(418, 13, 4, 30000.00, 10.00, 2, 1),
(419, 4, 1, 30000.00, 10.00, NULL, 1),
(419, 5, 1, 45000.00, 10.00, NULL, 1),
(500, 1, 4, 25000.00, 10.00, 4, 1),
(501, 3, 1, 35000.00, 10.00, NULL, 1),
(501, 12, 1, 50000.00, 10.00, NULL, 1),
(502, 12, 1, 50000.00, 10.00, 3, 1),
(503, 7, 3, 45000.00, 10.00, NULL, 1),
(504, 10, 1, 35000.00, 10.00, 2, 1),
(505, 2, 2, 29000.00, 10.00, NULL, 1),
(506, 1, 1, 25000.00, 10.00, 1, 1),
(507, 4, 1, 30000.00, 10.00, NULL, 1),
(507, 6, 1, 45000.00, 10.00, NULL, 1),
(508, 12, 3, 50000.00, 10.00, 4, 1),
(509, 5, 1, 45000.00, 10.00, NULL, 1),
(510, 1, 5, 25000.00, 10.00, 2, 1),
(511, 8, 2, 45000.00, 10.00, NULL, 1),
(512, 2, 1, 29000.00, 10.00, 3, 1),
(513, 1, 1, 25000.00, 10.00, NULL, 1),
(514, 11, 1, 40000.00, 10.00, 1, 1),
(515, 10, 4, 35000.00, 10.00, NULL, 1),
(516, 12, 1, 50000.00, 10.00, 4, 1),
(517, 10, 1, 35000.00, 10.00, NULL, 1),
(517, 13, 1, 30000.00, 10.00, NULL, 1),
(518, 9, 2, 40000.00, 10.00, 2, 1),
(519, 4, 1, 30000.00, 10.00, NULL, 1),
(600, 1, 2, 25000.00, 10.00, 4, 1),
(601, 1, 1, 25000.00, 10.00, NULL, 1),
(602, 2, 1, 29000.00, 10.00, 1, 1),
(602, 10, 1, 35000.00, 10.00, 1, 1),
(603, 7, 2, 45000.00, 10.00, NULL, 1),
(604, 1, 5, 25000.00, 10.00, 3, 1),
(605, 14, 1, 35000.00, 10.00, NULL, 1),
(606, 2, 1, 29000.00, 10.00, 2, 1),
(607, 12, 1, 50000.00, 10.00, NULL, 1),
(608, 12, 3, 50000.00, 10.00, 4, 1),
(609, 1, 1, 25000.00, 10.00, NULL, 1),
(610, 10, 4, 35000.00, 10.00, 1, 1),
(611, 5, 1, 45000.00, 10.00, NULL, 1),
(612, 9, 2, 40000.00, 10.00, 2, 1),
(613, 2, 2, 29000.00, 10.00, NULL, 1),
(614, 1, 1, 25000.00, 10.00, 3, 1),
(614, 3, 1, 35000.00, 10.00, 3, 1),
(615, 4, 1, 30000.00, 10.00, NULL, 1),
(615, 12, 1, 50000.00, 10.00, NULL, 1),
(616, 1, 4, 25000.00, 10.00, 4, 1),
(617, 11, 1, 40000.00, 10.00, NULL, 1),
(618, 13, 4, 30000.00, 10.00, 2, 1),
(619, 4, 1, 30000.00, 10.00, NULL, 1),
(620, 5, 1, 45000.00, 10.00, 1, 1),
(620, 10, 1, 35000.00, 10.00, 1, 1),
(621, 1, 2, 25000.00, 10.00, NULL, 1),
(622, 8, 3, 45000.00, 10.00, 3, 1),
(623, 12, 1, 50000.00, 10.00, NULL, 1),
(624, 3, 1, 35000.00, 10.00, 4, 1),
(625, 1, 1, 25000.00, 10.00, NULL, 1),
(626, 10, 2, 35000.00, 10.00, 2, 1),
(627, 4, 1, 30000.00, 10.00, NULL, 1),
(627, 5, 1, 45000.00, 10.00, NULL, 1),
(628, 10, 5, 35000.00, 10.00, 1, 1),
(629, 6, 1, 45000.00, 10.00, NULL, 1),
(630, 12, 1, 50000.00, 10.00, 3, 1),
(631, 1, 1, 25000.00, 10.00, NULL, 1),
(632, 12, 2, 50000.00, 10.00, 4, 1),
(633, 1, 1, 25000.00, 10.00, NULL, 1),
(633, 13, 1, 30000.00, 10.00, NULL, 1),
(634, 1, 5, 25000.00, 10.00, 2, 1),
(635, 2, 1, 29000.00, 10.00, NULL, 1),
(636, 7, 2, 45000.00, 10.00, 3, 1),
(637, 11, 1, 40000.00, 10.00, NULL, 1),
(638, 3, 1, 35000.00, 10.00, 4, 1),
(638, 10, 1, 35000.00, 10.00, 4, 1),
(638, 12, 1, 50000.00, 10.00, 4, 1),
(639, 1, 1, 25000.00, 10.00, NULL, 1),
(700, 7, 2, 45000.00, 10.00, NULL, 1),
(701, 12, 1, 50000.00, 10.00, 4, 1),
(702, 11, 1, 40000.00, 10.00, NULL, 1),
(703, 4, 1, 30000.00, 10.00, 2, 1),
(703, 5, 1, 45000.00, 10.00, 2, 1),
(704, 1, 5, 25000.00, 10.00, NULL, 1),
(705, 10, 1, 35000.00, 10.00, 4, 1),
(706, 12, 2, 50000.00, 10.00, NULL, 1),
(707, 1, 1, 25000.00, 10.00, 3, 1),
(708, 11, 4, 40000.00, 10.00, NULL, 1),
(709, 2, 2, 29000.00, 10.00, 1, 1),
(710, 6, 1, 45000.00, 10.00, NULL, 1),
(711, 7, 4, 45000.00, 10.00, 2, 1),
(712, 4, 1, 30000.00, 10.00, NULL, 1),
(713, 12, 1, 50000.00, 10.00, 4, 1),
(714, 9, 2, 40000.00, 10.00, NULL, 1),
(715, 3, 1, 35000.00, 10.00, 3, 1),
(715, 10, 1, 35000.00, 10.00, 3, 1),
(715, 12, 1, 50000.00, 10.00, 3, 1),
(716, 5, 1, 45000.00, 10.00, NULL, 1),
(716, 10, 1, 35000.00, 10.00, NULL, 1),
(717, 1, 1, 25000.00, 10.00, 1, 1),
(718, 2, 1, 29000.00, 10.00, NULL, 1),
(718, 10, 1, 35000.00, 10.00, NULL, 1),
(719, 13, 4, 30000.00, 10.00, 2, 1),
(720, 1, 2, 25000.00, 10.00, NULL, 1),
(721, 11, 10, 40000.00, 10.00, 4, 1),
(722, 12, 3, 50000.00, 10.00, NULL, 1),
(723, 14, 1, 35000.00, 10.00, 3, 1),
(724, 12, 1, 50000.00, 10.00, NULL, 1),
(725, 4, 1, 30000.00, 10.00, 4, 1),
(725, 6, 1, 45000.00, 10.00, 4, 1),
(726, 1, 1, 25000.00, 10.00, NULL, 1),
(727, 1, 4, 25000.00, 10.00, 1, 1),
(728, 5, 1, 45000.00, 10.00, NULL, 1),
(729, 7, 2, 45000.00, 10.00, 2, 1),
(730, 2, 1, 29000.00, 10.00, NULL, 1),
(731, 1, 1, 25000.00, 10.00, 4, 1),
(731, 3, 1, 35000.00, 10.00, 4, 1),
(732, 7, 3, 45000.00, 10.00, NULL, 1),
(733, 11, 1, 40000.00, 10.00, 3, 1),
(734, 1, 1, 25000.00, 10.00, NULL, 1),
(735, 1, 1, 25000.00, 10.00, 1, 1),
(735, 13, 1, 30000.00, 10.00, 1, 1),
(736, 3, 1, 35000.00, 10.00, NULL, 1),
(736, 7, 1, 45000.00, 10.00, NULL, 1),
(737, 12, 2, 50000.00, 10.00, 4, 1),
(738, 4, 1, 30000.00, 10.00, NULL, 1),
(739, 1, 2, 25000.00, 10.00, 2, 1),
(740, 4, 2, 30000.00, 10.00, NULL, 1),
(741, 4, 1, 30000.00, 10.00, 4, 1),
(743, 4, 1, 30000.00, 10.00, NULL, 1),
(743, 7, 2, 45000.00, 10.00, NULL, 1),
(744, 4, 2, 30000.00, 10.00, 4, 1),
(745, 1, 4, 25000.00, 10.00, NULL, 1),
(745, 4, 2, 30000.00, 10.00, NULL, 1),
(745, 7, 2, 45000.00, 10.00, NULL, 1),
(747, 4, 2, 30000.00, 10.00, NULL, 1),
(747, 7, 1, 45000.00, 10.00, NULL, 1),
(748, 7, 2, 45000.00, 10.00, NULL, 1),
(749, 4, 1, 30000.00, 10.00, NULL, 1),
(749, 7, 2, 45000.00, 10.00, NULL, 1),
(750, 4, 1, 30000.00, 10.00, NULL, 1),
(750, 5, 3, 45000.00, 10.00, NULL, 1),
(751, 4, 4, 30000.00, 10.00, NULL, 1),
(752, 1, 3, 25000.00, 10.00, 4, 1),
(752, 4, 1, 30000.00, 10.00, 4, 1),
(752, 10, 2, 35000.00, 10.00, 4, 1),
(752, 14, 2, 35000.00, 10.00, 4, 1);

-- --------------------------------------------------------

--
-- Cấu trúc bảng cho bảng `chiTietSanPham`
--

CREATE TABLE `chiTietSanPham` (
  `idSanPham` int(11) NOT NULL,
  `idNguyenLieu` int(11) NOT NULL,
  `soLuongCan` decimal(10,2) DEFAULT NULL
) ENGINE=InnoDB DEFAULT CHARSET=utf8mb4 COLLATE=utf8mb4_unicode_ci;

--
-- Đang đổ dữ liệu cho bảng `chiTietSanPham`
--

INSERT INTO `chiTietSanPham` (`idSanPham`, `idNguyenLieu`, `soLuongCan`) VALUES
(1, 1, 20.00),
(1, 14, 10.00),
(2, 1, 20.00),
(2, 4, 0.20),
(7, 6, 5.00),
(7, 9, 0.25),
(12, 4, 0.10),
(12, 12, 0.20);

-- --------------------------------------------------------

--
-- Cấu trúc bảng cho bảng `chucVu`
--

CREATE TABLE `chucVu` (
  `idChucVu` int(11) NOT NULL,
  `tenChucVu` varchar(100) NOT NULL,
  `luongCoBan` decimal(10,2) DEFAULT 0.00
) ENGINE=InnoDB DEFAULT CHARSET=utf8mb4 COLLATE=utf8mb4_unicode_ci;

--
-- Đang đổ dữ liệu cho bảng `chucVu`
--

INSERT INTO `chucVu` (`idChucVu`, `tenChucVu`, `luongCoBan`) VALUES
(1, 'Quản Lý Cửa Hàng', 15000000.00),
(2, 'bar', 9000000.00),
(3, 'Pha Chế Viên', 7000000.00),
(4, 'Phục Vụ', 5500000.00),
(5, 'Thu Ngân', 6000000.00),
(6, 'Bảo Vệ', 5000000.00);

-- --------------------------------------------------------

--
-- Cấu trúc bảng cho bảng `danhMuc`
--

CREATE TABLE `danhMuc` (
  `idDanhMuc` int(11) NOT NULL,
  `tenDanhMuc` varchar(100) DEFAULT NULL,
  `ghiChu` text DEFAULT NULL
) ENGINE=InnoDB DEFAULT CHARSET=utf8mb4 COLLATE=utf8mb4_unicode_ci;

--
-- Đang đổ dữ liệu cho bảng `danhMuc`
--

INSERT INTO `danhMuc` (`idDanhMuc`, `tenDanhMuc`, `ghiChu`) VALUES
(1, 'Cà Phê Truyền Thống', 'Đậm đà hương vị Việt'),
(2, 'Cà Phê Máy (Italian)', 'Espresso, Latte, Capuchino'),
(3, 'Trà Trái Cây', 'Thanh mát giải nhiệt'),
(4, 'Trà Sữa', 'Thơm ngon béo ngậy'),
(5, 'Sinh Tố & Đá Xay', 'Healthy và Mát lạnh');

-- --------------------------------------------------------

--
-- Cấu trúc bảng cho bảng `hoaDon`
--

CREATE TABLE `hoaDon` (
  `idHoaDon` bigint(20) NOT NULL,
  `noiDungCK` varchar(50) DEFAULT NULL,
  `ngayTao` timestamp NOT NULL DEFAULT current_timestamp(),
  `ngayCapNhat` timestamp NULL DEFAULT NULL ON UPDATE current_timestamp(),
  `trangThai` tinyint(4) DEFAULT 1,
  `tongTien` decimal(12,2) DEFAULT NULL,
  `idNhanVien` int(11) DEFAULT NULL,
  `idKhachHang` int(11) DEFAULT NULL,
  `idBan` int(11) DEFAULT NULL
) ENGINE=InnoDB DEFAULT CHARSET=utf8mb4 COLLATE=utf8mb4_unicode_ci;

--
-- Đang đổ dữ liệu cho bảng `hoaDon`
--

INSERT INTO `hoaDon` (`idHoaDon`, `noiDungCK`, `ngayTao`, `ngayCapNhat`, `trangThai`, `tongTien`, `idNhanVien`, `idKhachHang`, `idBan`) VALUES
(11, NULL, '2025-12-03 13:00:54', NULL, 2, 55000.00, 1, NULL, NULL),
(12, NULL, '2025-12-03 14:01:20', NULL, 2, 544500.00, 1, 7, NULL),
(13, NULL, '2025-12-04 02:09:17', NULL, 2, 82500.00, 1, NULL, NULL),
(14, NULL, '2025-12-04 03:28:40', NULL, 2, 205700.00, 1, NULL, NULL),
(15, NULL, '2025-12-04 03:49:07', NULL, 2, 224400.00, 1, 7, NULL),
(16, NULL, '2025-12-04 03:50:11', NULL, 2, 55000.00, 1, NULL, NULL),
(17, NULL, '2025-12-04 03:50:45', NULL, 2, 132000.00, 1, NULL, NULL),
(18, 'HD-09122025-740Lj', '2025-12-08 18:25:52', '2025-12-08 19:32:33', 2, 27500.00, 1, NULL, 9),
(19, 'HD-09122025-563vf', '2025-12-08 19:49:16', '2025-12-08 19:49:45', 2, 115500.00, 1, 2, 1),
(20, 'HD-09122025-974yy', '2025-12-08 20:00:40', '2025-12-08 20:00:49', 2, 55000.00, 1, NULL, 1),
(21, NULL, '2025-12-09 11:57:19', '2025-12-09 11:58:23', 0, 0.00, 1, 8, NULL),
(22, 'HD-09122025-183XI', '2025-12-09 11:57:29', '2025-12-09 11:57:54', 2, 396000.00, 1, 8, 1),
(23, NULL, '2025-12-09 05:30:00', NULL, 2, 55000.00, 3, 1, 5),
(24, 'CK-0912-A', '2025-12-09 05:45:00', NULL, 2, 93500.00, 3, 9, 2),
(25, 'MOMO-TRANS-112', '2025-12-09 06:00:00', NULL, 2, 154000.00, 3, 10, NULL),
(26, NULL, '2025-12-09 06:15:00', NULL, 2, 82500.00, 2, 11, 4),
(27, 'VCB-QR-999', '2025-12-09 06:30:00', NULL, 2, 229900.00, 4, 12, 10),
(28, NULL, '2025-12-09 07:00:00', NULL, 2, 38500.00, 3, 1, 6),
(29, NULL, '2025-12-09 07:15:00', NULL, 2, 137500.00, 4, 15, 8),
(30, NULL, '2025-12-09 07:20:00', '2025-12-09 13:02:04', 0, 0.00, 4, 5, 3),
(31, 'MB-BANK-001', '2025-12-09 07:30:00', NULL, 2, 148500.00, 2, 18, 1),
(32, NULL, '2025-12-09 07:45:00', NULL, 2, 44000.00, 3, 20, NULL),
(100, 'HD-05122025-101Ab', '2025-12-05 01:30:00', NULL, 2, 55000.00, 2, 1, 1),
(101, NULL, '2025-12-05 02:15:00', NULL, 2, 99000.00, 3, 2, 2),
(102, 'HD-05122025-832Xy', '2025-12-05 02:45:00', NULL, 2, 154000.00, 2, 5, 3),
(103, NULL, '2025-12-05 03:20:00', NULL, 2, 38500.00, 3, 1, 4),
(104, 'HD-05122025-991Za', '2025-12-05 04:00:00', NULL, 2, 82500.00, 4, 3, 5),
(105, NULL, '2025-12-05 05:30:00', NULL, 2, 27500.00, 2, 1, 6),
(106, 'HD-05122025-112Mm', '2025-12-05 07:10:00', NULL, 2, 55000.00, 3, 7, NULL),
(107, NULL, '2025-12-05 08:50:00', NULL, 2, 115500.00, 4, 1, 1),
(108, 'HD-05122025-773Kp', '2025-12-05 12:30:00', NULL, 2, 49500.00, 2, 4, 2),
(109, NULL, '2025-12-05 13:45:00', NULL, 2, 33000.00, 3, 1, 3),
(110, 'HD-06122025-554Qe', '2025-12-06 00:30:00', NULL, 2, 63800.00, 2, 2, 4),
(111, NULL, '2025-12-06 01:45:00', NULL, 2, 137500.00, 3, 1, 5),
(112, 'HD-06122025-291Tr', '2025-12-06 03:15:00', NULL, 2, 93500.00, 4, 6, 6),
(113, NULL, '2025-12-06 04:30:00', NULL, 2, 44000.00, 2, 1, NULL),
(114, 'HD-06122025-002Uu', '2025-12-06 06:00:00', NULL, 2, 198000.00, 3, 5, 1),
(115, NULL, '2025-12-06 08:40:00', NULL, 2, 33000.00, 4, 1, 2),
(116, 'HD-06122025-626Vn', '2025-12-06 10:20:00', NULL, 2, 82500.00, 2, 3, 3),
(117, NULL, '2025-12-06 12:10:00', NULL, 2, 55000.00, 3, 1, 4),
(118, 'HD-06122025-183Pl', '2025-12-06 13:30:00', NULL, 2, 27500.00, 4, 1, 5),
(119, NULL, '2025-12-06 14:50:00', NULL, 2, 49500.00, 2, 4, 6),
(120, 'HD-07122025-332Gh', '2025-12-07 01:00:00', NULL, 2, 165000.00, 3, 1, 1),
(121, NULL, '2025-12-07 02:30:00', NULL, 2, 71500.00, 4, 2, 2),
(122, 'HD-07122025-928Jk', '2025-12-07 03:45:00', NULL, 2, 110000.00, 2, 1, 3),
(123, NULL, '2025-12-07 05:15:00', NULL, 2, 99000.00, 3, 7, NULL),
(124, 'HD-07122025-441As', '2025-12-07 07:00:00', NULL, 2, 31900.00, 4, 1, 4),
(125, NULL, '2025-12-07 09:30:00', NULL, 2, 82500.00, 2, 5, 5),
(126, 'HD-07122025-123Ty', '2025-12-07 11:20:00', NULL, 2, 55000.00, 3, 1, 6),
(127, NULL, '2025-12-07 12:50:00', NULL, 2, 27500.00, 4, 1, 1),
(128, 'HD-07122025-667Bn', '2025-12-07 13:15:00', NULL, 2, 148500.00, 2, 3, 2),
(129, NULL, '2025-12-07 14:00:00', NULL, 2, 38500.00, 3, 1, 3),
(130, 'HD-08122025-712Cc', '2025-12-08 00:15:00', NULL, 2, 55000.00, 4, 4, 4),
(131, NULL, '2025-12-08 01:30:00', NULL, 2, 126500.00, 2, 1, 5),
(132, 'HD-08122025-492Vb', '2025-12-08 04:00:00', NULL, 2, 44000.00, 3, 1, 6),
(133, NULL, '2025-12-08 05:45:00', NULL, 2, 27500.00, 4, 1, NULL),
(134, 'HD-08122025-331Nm', '2025-12-08 07:20:00', NULL, 2, 192500.00, 2, 5, 1),
(135, NULL, '2025-12-08 09:10:00', NULL, 2, 99000.00, 3, 1, 2),
(136, 'HD-08122025-884Kl', '2025-12-08 11:00:00', NULL, 2, 31900.00, 4, 6, 3),
(137, NULL, '2025-12-08 12:30:00', NULL, 2, 88000.00, 2, 1, 4),
(138, 'HD-08122025-119Po', '2025-12-08 13:45:00', NULL, 2, 55000.00, 3, 2, 5),
(139, NULL, '2025-12-08 14:30:00', NULL, 2, 27500.00, 4, 1, 6),
(200, 'HD-01112025-001Aa', '2025-11-01 01:15:00', NULL, 2, 27500.00, 2, 1, 1),
(201, NULL, '2025-11-01 02:30:00', NULL, 2, 63800.00, 3, 2, 2),
(202, 'HD-02112025-482Hy', '2025-11-02 07:20:00', NULL, 2, 110000.00, 4, 3, 3),
(203, NULL, '2025-11-02 12:45:00', NULL, 2, 77000.00, 2, 1, NULL),
(204, 'HD-03112025-992Kj', '2025-11-03 00:45:00', NULL, 2, 33000.00, 3, 5, 4),
(205, NULL, '2025-11-04 05:00:00', NULL, 2, 137500.00, 4, 1, 5),
(206, 'HD-05112025-111Mn', '2025-11-05 11:30:00', NULL, 2, 99000.00, 2, 7, 6),
(207, NULL, '2025-11-06 13:15:00', NULL, 2, 49500.00, 3, 1, 1),
(208, 'HD-07112025-736Gh', '2025-11-07 02:00:00', NULL, 2, 88000.00, 4, 4, 2),
(209, NULL, '2025-11-07 08:10:00', NULL, 2, 38500.00, 2, 1, NULL),
(210, 'HD-10112025-223Kl', '2025-11-10 01:30:00', NULL, 2, 55000.00, 3, 6, 3),
(211, NULL, '2025-11-11 04:11:00', NULL, 2, 154000.00, 4, 1, 4),
(212, 'HD-12112025-555Op', '2025-11-12 06:45:00', NULL, 2, 31900.00, 2, 8, 5),
(213, NULL, '2025-11-13 09:20:00', NULL, 2, 27500.00, 3, 1, NULL),
(214, 'HD-14112025-881Zx', '2025-11-14 12:00:00', NULL, 2, 148500.00, 4, 9, 6),
(215, NULL, '2025-11-15 00:30:00', NULL, 2, 82500.00, 2, 2, 1),
(216, 'HD-15112025-901Qw', '2025-11-15 03:00:00', NULL, 2, 198000.00, 3, 1, 2),
(217, NULL, '2025-11-15 07:30:00', NULL, 2, 33000.00, 4, 1, 3),
(218, 'HD-15112025-123Er', '2025-11-15 13:45:00', NULL, 2, 55000.00, 2, 10, 4),
(219, NULL, '2025-11-15 14:30:00', NULL, 2, 44000.00, 3, 1, 5),
(220, 'HD-18112025-444Ty', '2025-11-18 10:00:00', NULL, 2, 165000.00, 4, 12, 6),
(221, NULL, '2025-11-19 12:30:00', NULL, 2, 60500.00, 2, 1, 1),
(222, 'HD-20112025-999Vn', '2025-11-20 01:00:00', NULL, 2, 495000.00, 3, 5, 2),
(223, 'HD-20112025-888Vn', '2025-11-20 02:30:00', NULL, 2, 275000.00, 4, 7, 3),
(224, NULL, '2025-11-20 07:00:00', NULL, 2, 154000.00, 2, 1, 4),
(225, 'HD-20112025-777Ab', '2025-11-20 09:45:00', NULL, 2, 93500.00, 3, 1, 5),
(226, NULL, '2025-11-20 13:00:00', NULL, 2, 55000.00, 4, 1, NULL),
(227, 'HD-25112025-321Ui', '2025-11-25 01:15:00', NULL, 2, 27500.00, 2, 13, 1),
(228, NULL, '2025-11-26 05:30:00', NULL, 2, 71500.00, 3, 1, 2),
(229, 'HD-27112025-654Op', '2025-11-27 08:45:00', NULL, 2, 82500.00, 4, 14, 3),
(230, NULL, '2025-11-28 11:20:00', NULL, 2, 132000.00, 2, 1, 4),
(231, 'HD-29112025-987As', '2025-11-29 03:00:00', NULL, 2, 44000.00, 3, 15, 5),
(232, NULL, '2025-11-29 07:00:00', NULL, 2, 55000.00, 4, 1, NULL),
(233, 'HD-30112025-159Df', '2025-11-30 02:00:00', NULL, 2, 110000.00, 2, 2, 6),
(234, NULL, '2025-11-30 06:30:00', NULL, 2, 38500.00, 3, 1, 1),
(235, 'HD-30112025-753Gh', '2025-11-30 09:15:00', NULL, 2, 148500.00, 4, 3, 2),
(236, NULL, '2025-11-30 12:45:00', NULL, 2, 27500.00, 2, 1, 3),
(237, 'HD-30112025-852Jk', '2025-11-30 13:30:00', NULL, 2, 93500.00, 3, 5, 4),
(238, NULL, '2025-11-30 14:15:00', NULL, 2, 33000.00, 4, 1, 5),
(239, 'HD-30112025-951Lz', '2025-11-30 15:00:00', NULL, 2, 55000.00, 2, 1, NULL),
(300, 'HD-01102025-101Aa', '2025-10-01 00:00:00', NULL, 2, 55000.00, 2, 1, 1),
(301, NULL, '2025-10-01 02:30:00', NULL, 2, 38500.00, 3, 2, 2),
(302, 'HD-02102025-222Bb', '2025-10-02 05:15:00', NULL, 2, 110000.00, 4, 3, 3),
(303, NULL, '2025-10-03 07:00:00', NULL, 2, 63800.00, 2, 1, 4),
(304, 'HD-04102025-333Cc', '2025-10-04 11:45:00', NULL, 2, 99000.00, 3, 5, 5),
(305, NULL, '2025-10-05 01:30:00', NULL, 2, 137500.00, 4, 1, 6),
(306, 'HD-06102025-444Dd', '2025-10-06 03:00:00', NULL, 2, 33000.00, 2, 7, 1),
(307, NULL, '2025-10-07 13:30:00', NULL, 2, 49500.00, 3, 1, NULL),
(308, 'HD-08102025-555Ee', '2025-10-08 02:15:00', NULL, 2, 88000.00, 4, 4, 2),
(309, NULL, '2025-10-09 06:00:00', NULL, 2, 38500.00, 2, 1, 3),
(310, 'HD-10102025-666Ff', '2025-10-10 00:45:00', NULL, 2, 55000.00, 3, 6, 4),
(311, NULL, '2025-10-11 08:30:00', NULL, 2, 154000.00, 4, 1, 5),
(312, 'HD-12102025-777Gg', '2025-10-12 04:00:00', NULL, 2, 31900.00, 2, 8, 6),
(313, NULL, '2025-10-13 12:20:00', NULL, 2, 27500.00, 3, 1, NULL),
(314, 'HD-14102025-888Hh', '2025-10-14 10:00:00', NULL, 2, 148500.00, 4, 9, 1),
(315, NULL, '2025-10-20 01:00:00', NULL, 2, 275000.00, 2, 2, 2),
(316, 'HD-20102025-999Ii', '2025-10-20 02:30:00', NULL, 2, 192500.00, 3, 1, 3),
(317, 'HD-20102025-000Jj', '2025-10-20 05:00:00', NULL, 2, 385000.00, 4, 10, 4),
(318, NULL, '2025-10-20 08:00:00', NULL, 2, 154000.00, 2, 1, 5),
(319, 'HD-20102025-121Kk', '2025-10-20 11:30:00', NULL, 2, 93500.00, 3, 1, 6),
(320, NULL, '2025-10-20 13:00:00', NULL, 2, 99000.00, 4, 12, 1),
(321, 'HD-20102025-232Ll', '2025-10-20 14:15:00', NULL, 2, 55000.00, 2, 1, NULL),
(322, NULL, '2025-10-25 01:15:00', NULL, 2, 27500.00, 3, 13, 2),
(323, 'HD-26102025-343Mm', '2025-10-26 05:30:00', NULL, 2, 71500.00, 4, 1, 3),
(324, NULL, '2025-10-27 09:45:00', NULL, 2, 82500.00, 2, 14, 4),
(325, 'HD-28102025-454Nn', '2025-10-28 12:20:00', NULL, 2, 132000.00, 3, 1, 5),
(326, NULL, '2025-10-29 03:00:00', NULL, 2, 44000.00, 4, 15, 6),
(327, 'HD-30102025-565Oo', '2025-10-30 07:00:00', NULL, 2, 55000.00, 2, 1, NULL),
(328, NULL, '2025-10-31 02:00:00', NULL, 2, 110000.00, 3, 2, 1),
(329, 'HD-31102025-676Pp', '2025-10-31 06:30:00', NULL, 2, 38500.00, 4, 1, 2),
(330, NULL, '2025-10-31 09:15:00', NULL, 2, 148500.00, 2, 3, 3),
(331, 'HD-31102025-787Qq', '2025-10-31 12:45:00', NULL, 2, 99000.00, 3, 5, 4),
(332, NULL, '2025-10-31 13:30:00', NULL, 2, 93500.00, 4, 1, 5),
(333, 'HD-31102025-898Rr', '2025-10-31 14:30:00', NULL, 2, 33000.00, 2, 1, 6),
(334, NULL, '2025-10-31 15:15:00', NULL, 2, 55000.00, 3, 1, NULL),
(400, 'HD-12102025-192Xa', '2025-10-12 01:30:00', NULL, 2, 82500.00, 2, 1, 1),
(401, NULL, '2025-10-12 03:15:00', NULL, 2, 55000.00, 3, 4, 2),
(402, 'HD-13102025-837Mz', '2025-10-13 05:45:00', NULL, 2, 137500.00, 4, 5, 3),
(403, NULL, '2025-10-13 08:30:00', NULL, 2, 38500.00, 2, 1, 4),
(404, 'HD-14102025-001Qq', '2025-10-14 02:00:00', NULL, 2, 110000.00, 3, 8, 5),
(405, NULL, '2025-10-14 12:00:00', NULL, 2, 63800.00, 4, 1, NULL),
(406, 'HD-15102025-772Wy', '2025-10-15 00:30:00', NULL, 2, 33000.00, 2, 2, 1),
(407, NULL, '2025-10-15 04:30:00', NULL, 2, 99000.00, 3, 1, 2),
(408, 'HD-16102025-384Op', '2025-10-16 07:15:00', NULL, 2, 154000.00, 4, 9, 3),
(409, NULL, '2025-10-16 11:45:00', NULL, 2, 49500.00, 2, 1, 4),
(410, 'HD-17102025-992Kl', '2025-10-17 01:00:00', NULL, 2, 27500.00, 3, 3, 5),
(411, NULL, '2025-10-17 06:00:00', NULL, 2, 88000.00, 4, 1, 6),
(412, 'HD-18102025-111Jj', '2025-10-18 03:30:00', NULL, 2, 31900.00, 2, 10, 1),
(413, NULL, '2025-10-18 13:00:00', NULL, 2, 198000.00, 3, 1, 2),
(414, 'HD-22102025-444Gh', '2025-10-22 09:00:00', NULL, 2, 55000.00, 4, 12, 3),
(415, NULL, '2025-10-23 02:45:00', NULL, 2, 44000.00, 2, 1, 4),
(416, 'HD-24102025-555Ff', '2025-10-24 05:15:00', NULL, 2, 27500.00, 3, 13, NULL),
(417, NULL, '2025-10-27 08:00:00', NULL, 2, 71500.00, 4, 1, 5),
(418, 'HD-28102025-666Ss', '2025-10-28 11:30:00', NULL, 2, 132000.00, 2, 14, 6),
(419, NULL, '2025-10-29 14:00:00', NULL, 2, 82500.00, 3, 1, 1),
(500, 'HD-08112025-123Aa', '2025-11-08 01:15:00', NULL, 2, 110000.00, 4, 1, 2),
(501, NULL, '2025-11-08 07:30:00', NULL, 2, 93500.00, 2, 5, 3),
(502, 'HD-09112025-456Bb', '2025-11-09 03:00:00', NULL, 2, 55000.00, 3, 6, 4),
(503, NULL, '2025-11-09 12:45:00', NULL, 2, 148500.00, 4, 1, 5),
(504, 'HD-10112025-789Cc', '2025-11-10 05:00:00', NULL, 2, 38500.00, 2, 7, NULL),
(505, NULL, '2025-11-12 09:30:00', NULL, 2, 63800.00, 3, 1, 1),
(506, 'HD-13112025-321Dd', '2025-11-13 02:15:00', NULL, 2, 27500.00, 4, 8, 2),
(507, NULL, '2025-11-14 13:00:00', NULL, 2, 82500.00, 2, 1, 3),
(508, 'HD-22112025-654Ee', '2025-11-22 01:45:00', NULL, 2, 165000.00, 3, 9, 4),
(509, NULL, '2025-11-22 08:00:00', NULL, 2, 49500.00, 4, 1, 5),
(510, 'HD-23112025-987Ff', '2025-11-23 03:30:00', NULL, 2, 137500.00, 2, 10, 6),
(511, NULL, '2025-11-23 11:00:00', NULL, 2, 99000.00, 3, 1, 1),
(512, 'HD-24112025-147Gg', '2025-11-24 06:15:00', NULL, 2, 31900.00, 4, 11, 2),
(513, NULL, '2025-11-25 00:00:00', NULL, 2, 27500.00, 2, 1, NULL),
(514, 'HD-26112025-258Hh', '2025-11-26 05:45:00', NULL, 2, 44000.00, 3, 12, 3),
(515, NULL, '2025-11-27 12:30:00', NULL, 2, 154000.00, 4, 1, 4),
(516, 'HD-28112025-369Ii', '2025-11-28 09:00:00', NULL, 2, 55000.00, 2, 13, 5),
(517, NULL, '2025-11-29 02:30:00', NULL, 2, 71500.00, 3, 1, 6),
(518, 'HD-29112025-741Kk', '2025-11-29 13:45:00', NULL, 2, 88000.00, 4, 15, 1),
(519, NULL, '2025-11-30 07:00:00', NULL, 2, 33000.00, 2, 1, 2),
(600, 'HD-02112025-101Xu', '2025-11-02 01:45:00', NULL, 2, 55000.00, 2, 1, 1),
(601, NULL, '2025-11-03 00:15:00', NULL, 2, 27500.00, 3, 2, 2),
(602, 'HD-03112025-202Ya', '2025-11-03 05:30:00', NULL, 2, 71500.00, 4, 3, 3),
(603, NULL, '2025-11-04 11:00:00', NULL, 2, 99000.00, 2, 1, 4),
(604, 'HD-05112025-303Zb', '2025-11-05 02:00:00', NULL, 2, 137500.00, 3, 5, 5),
(605, NULL, '2025-11-05 08:45:00', NULL, 2, 38500.00, 4, 1, NULL),
(606, 'HD-06112025-404Wc', '2025-11-06 01:30:00', NULL, 2, 31900.00, 2, 4, 1),
(607, NULL, '2025-11-07 13:15:00', NULL, 2, 55000.00, 3, 1, 2),
(608, 'HD-09112025-505Vd', '2025-11-09 03:00:00', NULL, 2, 165000.00, 4, 6, 3),
(609, NULL, '2025-11-10 00:45:00', NULL, 2, 27500.00, 2, 1, 4),
(610, 'HD-11112025-606Ue', '2025-11-11 07:20:00', NULL, 2, 154000.00, 3, 7, 5),
(611, NULL, '2025-11-12 09:00:00', NULL, 2, 49500.00, 4, 1, NULL),
(612, 'HD-13112025-707Tf', '2025-11-13 12:30:00', NULL, 2, 88000.00, 2, 8, 6),
(613, NULL, '2025-11-14 05:15:00', NULL, 2, 63800.00, 3, 1, 1),
(614, 'HD-14112025-808Sg', '2025-11-14 14:00:00', NULL, 2, 55000.00, 4, 9, 2),
(615, NULL, '2025-11-16 01:15:00', NULL, 2, 82500.00, 2, 1, 3),
(616, 'HD-17112025-909Rh', '2025-11-17 02:30:00', NULL, 2, 110000.00, 3, 10, 4),
(617, NULL, '2025-11-18 06:45:00', NULL, 2, 44000.00, 4, 1, 5),
(618, 'HD-18112025-010Qi', '2025-11-18 10:00:00', NULL, 2, 132000.00, 2, 11, 6),
(619, NULL, '2025-11-19 04:00:00', NULL, 2, 33000.00, 3, 1, NULL),
(620, 'HD-19112025-121Pj', '2025-11-19 13:30:00', NULL, 2, 93500.00, 4, 12, 1),
(621, NULL, '2025-11-21 00:30:00', NULL, 2, 55000.00, 2, 1, 2),
(622, 'HD-21112025-232Ok', '2025-11-21 08:15:00', NULL, 2, 148500.00, 3, 13, 3),
(623, NULL, '2025-11-23 02:00:00', NULL, 2, 55000.00, 4, 1, 4),
(624, 'HD-24112025-343Nl', '2025-11-24 05:45:00', NULL, 2, 38500.00, 2, 14, 5),
(625, NULL, '2025-11-25 11:30:00', NULL, 2, 27500.00, 3, 1, NULL),
(626, 'HD-26112025-454Mm', '2025-11-26 03:15:00', NULL, 2, 77000.00, 4, 15, 6),
(627, NULL, '2025-11-27 07:00:00', NULL, 2, 82500.00, 2, 1, 1),
(628, 'HD-28112025-565Ln', '2025-11-28 01:00:00', NULL, 2, 192500.00, 3, 2, 2),
(629, NULL, '2025-11-28 09:45:00', NULL, 2, 49500.00, 4, 1, 3),
(630, 'HD-28112025-676Ko', '2025-11-28 14:15:00', NULL, 2, 55000.00, 2, 3, 4),
(631, NULL, '2025-11-29 00:00:00', NULL, 2, 27500.00, 3, 1, 5),
(632, 'HD-29112025-787Jp', '2025-11-29 04:30:00', NULL, 2, 110000.00, 4, 5, 6),
(633, NULL, '2025-11-29 08:30:00', NULL, 2, 60500.00, 2, 1, 1),
(634, 'HD-29112025-898Iq', '2025-11-29 12:00:00', NULL, 2, 137500.00, 3, 8, 2),
(635, NULL, '2025-11-30 01:45:00', NULL, 2, 31900.00, 4, 1, 3),
(636, 'HD-30112025-909Hr', '2025-11-30 06:00:00', NULL, 2, 99000.00, 2, 10, 4),
(637, NULL, '2025-11-30 09:15:00', NULL, 2, 44000.00, 3, 1, 5),
(638, 'HD-30112025-010Gs', '2025-11-30 13:45:00', NULL, 2, 126500.00, 4, 12, 6),
(639, NULL, '2025-11-30 15:30:00', NULL, 2, 27500.00, 2, 1, NULL),
(700, NULL, '2025-11-01 07:30:00', NULL, 2, 99000.00, 2, 1, 1),
(701, 'HD-01112025-991Az', '2025-11-01 14:00:00', NULL, 2, 55000.00, 3, 2, 2),
(702, NULL, '2025-11-02 08:15:00', NULL, 2, 44000.00, 4, 1, 3),
(703, 'HD-03112025-882By', '2025-11-03 13:45:00', NULL, 2, 82500.00, 2, 3, 4),
(704, NULL, '2025-11-04 09:00:00', NULL, 2, 137500.00, 3, 1, 5),
(705, 'HD-05112025-773Cx', '2025-11-05 12:30:00', NULL, 2, 38500.00, 4, 5, 6),
(706, NULL, '2025-11-06 07:00:00', NULL, 2, 110000.00, 2, 1, NULL),
(707, 'HD-07112025-664Dw', '2025-11-07 15:00:00', NULL, 2, 27500.00, 3, 6, 1),
(708, NULL, '2025-11-08 08:30:00', NULL, 2, 154000.00, 4, 1, 2),
(709, 'HD-09112025-555Ev', '2025-11-09 13:15:00', NULL, 2, 63800.00, 2, 7, 3),
(710, NULL, '2025-11-10 06:45:00', NULL, 2, 49500.00, 3, 1, 4),
(711, 'HD-11112025-446Fu', '2025-11-11 03:30:00', NULL, 2, 198000.00, 4, 8, 5),
(712, NULL, '2025-11-12 09:20:00', NULL, 2, 33000.00, 2, 1, NULL),
(713, 'HD-13112025-337Gt', '2025-11-13 14:10:00', NULL, 2, 55000.00, 3, 9, 6),
(714, NULL, '2025-11-14 07:50:00', NULL, 2, 88000.00, 4, 1, 1),
(715, 'HD-14112025-228Hs', '2025-11-14 12:00:00', NULL, 2, 126500.00, 2, 10, 2),
(716, NULL, '2025-11-15 08:00:00', NULL, 2, 93500.00, 3, 1, 3),
(717, 'HD-16112025-119Ir', '2025-11-16 13:30:00', NULL, 2, 27500.00, 4, 11, 4),
(718, NULL, '2025-11-17 04:15:00', NULL, 2, 71500.00, 2, 1, 5),
(719, 'HD-18112025-001Jq', '2025-11-18 09:45:00', NULL, 2, 132000.00, 3, 12, 6),
(720, NULL, '2025-11-19 14:45:00', NULL, 2, 55000.00, 4, 1, 1),
(721, 'HD-20112025-992Kp', '2025-11-20 03:00:00', NULL, 2, 440000.00, 2, 13, 2),
(722, NULL, '2025-11-20 11:30:00', NULL, 2, 165000.00, 3, 1, 3),
(723, 'HD-21112025-883Lo', '2025-11-21 07:10:00', NULL, 2, 38500.00, 4, 14, NULL),
(724, NULL, '2025-11-22 08:40:00', NULL, 2, 55000.00, 2, 1, 4),
(725, 'HD-23112025-774Mn', '2025-11-23 12:15:00', NULL, 2, 82500.00, 3, 15, 5),
(726, NULL, '2025-11-24 02:30:00', NULL, 2, 27500.00, 4, 1, 6),
(727, 'HD-25112025-665Nm', '2025-11-25 06:00:00', NULL, 2, 110000.00, 2, 2, 1),
(728, NULL, '2025-11-26 10:30:00', NULL, 2, 49500.00, 3, 1, 2),
(729, 'HD-27112025-556Ol', '2025-11-27 13:00:00', NULL, 2, 99000.00, 4, 3, 3),
(730, NULL, '2025-11-28 07:45:00', NULL, 2, 31900.00, 2, 1, 4),
(731, 'HD-28112025-447Pk', '2025-11-28 14:30:00', NULL, 2, 55000.00, 3, 5, 5),
(732, NULL, '2025-11-29 09:00:00', NULL, 2, 148500.00, 4, 1, 6),
(733, 'HD-29112025-338Qj', '2025-11-29 13:45:00', NULL, 2, 44000.00, 2, 6, 1),
(734, NULL, '2025-11-30 01:30:00', NULL, 2, 27500.00, 3, 1, NULL),
(735, 'HD-30112025-229Ri', '2025-11-30 04:00:00', NULL, 2, 60500.00, 4, 8, 2),
(736, NULL, '2025-11-30 08:15:00', NULL, 2, 82500.00, 2, 1, 3),
(737, 'HD-30112025-110Sh', '2025-11-30 11:30:00', NULL, 2, 110000.00, 3, 1, 4),
(738, NULL, '2025-11-30 14:00:00', NULL, 2, 33000.00, 4, 1, 5),
(739, 'HD-30112025-001Tg', '2025-11-30 15:45:00', NULL, 2, 55000.00, 2, 10, 6),
(740, 'HD-09122025-166lL (TM)', '2025-12-09 13:56:19', '2025-12-09 13:56:22', 2, 66000.00, 1, NULL, 9),
(741, 'HD-09122025-283Ci', '2025-12-09 14:25:53', '2025-12-09 14:26:34', 2, 33000.00, 6, 7, 1),
(742, NULL, '2025-12-09 14:28:01', '2025-12-09 14:30:09', 0, 0.00, 6, NULL, 10),
(743, 'HD-09122025-088ps (TM)', '2025-12-09 14:32:37', '2025-12-09 14:32:42', 2, 132000.00, 6, 7, 1),
(744, 'HD-09122025-622AU', '2025-12-09 14:46:54', '2025-12-09 14:47:07', 2, 66000.00, 6, NULL, 6),
(745, 'HD-09122025-414lf (TM)', '2025-12-09 14:47:47', '2025-12-09 14:48:04', 2, 247500.00, 6, 14, 1),
(746, NULL, '2025-12-09 14:48:40', '2025-12-09 15:11:30', 0, 0.00, 6, 14, NULL),
(747, 'HD-09122025-851MJ (TM)', '2025-12-09 14:48:43', '2025-12-09 14:49:54', 2, 115500.00, 6, 7, 9),
(748, 'HD-09122025-731sb (TM)', '2025-12-09 14:59:52', '2025-12-09 14:59:55', 2, 99000.00, 6, 7, 1),
(749, 'HD-09122025-286JL (TM)', '2025-12-09 15:06:33', '2025-12-09 15:06:41', 2, 132000.00, 6, 7, 5),
(750, 'HD-09122025-188YA (TM)', '2025-12-09 15:07:11', '2025-12-09 15:07:17', 2, 163350.00, 6, 14, 9),
(751, 'HD-09122025-099rI (TM)', '2025-12-09 16:25:49', '2025-12-09 16:25:55', 2, 118800.00, 1, 23, 1),
(752, 'HD-09122025-288lO', '2025-12-09 16:26:00', '2025-12-09 16:26:17', 2, 242550.00, 1, 23, 1);

-- --------------------------------------------------------

--
-- Cấu trúc bảng cho bảng `khachHang`
--

CREATE TABLE `khachHang` (
  `idKhachHang` int(11) NOT NULL,
  `hoTen` varchar(100) DEFAULT NULL,
  `soDienThoai` varchar(15) DEFAULT NULL,
  `ngaySinh` date DEFAULT NULL,
  `diemTichLuy` int(11) DEFAULT 0
) ENGINE=InnoDB DEFAULT CHARSET=utf8mb4 COLLATE=utf8mb4_unicode_ci;

--
-- Đang đổ dữ liệu cho bảng `khachHang`
--

INSERT INTO `khachHang` (`idKhachHang`, `hoTen`, `soDienThoai`, `ngaySinh`, `diemTichLuy`) VALUES
(1, 'Khách Ngoài', NULL, '2000-01-01', 0),
(2, 'Nguyễn Văn An', '0912345678', '1995-05-20', 150),
(3, 'Trần Thị Bích', '0987654321', '1998-11-11', 330),
(4, 'Lê Hoàng Nam', '0901122334', '2000-01-01', 50),
(5, 'Phạm Minh Tuấn', '0933445566', '1990-08-15', 810),
(6, 'Đỗ Thị Hồng', '0977889900', '1999-12-25', 120),
(7, 'huy', '0339761204', '2004-09-24', 60),
(8, 'Nguyễn Văn A', '0121212121', '1999-05-22', 0),
(9, 'Hoàng Thị Mai', '0911223344', '1998-02-14', 120),
(10, 'Vũ Văn Long', '0911223355', '1995-07-22', 450),
(11, 'Đặng Thu Thảo', '0911223366', '2001-10-10', 60),
(12, 'Ngô Kiến Huy', '0911223377', '1992-06-20', 890),
(13, 'Bùi Anh Tuấn', '0911223388', '1996-09-05', 30),
(14, 'Lý Nhã Kỳ', '0911223399', '1988-01-01', 510),
(15, 'Trương Thế Vinh', '0911223300', '1990-12-12', 200),
(16, 'Phan Mạnh Quỳnh', '0922334411', '1994-03-08', 340),
(17, 'Hồ Ngọc Hà', '0922334422', '1985-11-25', 50),
(18, 'Sơn Tùng MTP', '0922334433', '1994-07-05', 600),
(19, 'Đen Vâu', '0922334444', '1989-05-13', 100),
(20, 'Bích Phương', '0922334455', '1989-09-30', 250),
(21, 'Trấn Thành', '0922334466', '1987-02-05', 900),
(22, 'Hari Won', '0922334477', '1985-06-22', 850),
(23, 'Trường Giang', '0922334488', '1983-04-20', 20);

-- --------------------------------------------------------

--
-- Cấu trúc bảng cho bảng `khoNguyenLieu`
--

CREATE TABLE `khoNguyenLieu` (
  `idNguyenLieu` int(11) NOT NULL,
  `tenNguyenLieu` varchar(255) DEFAULT NULL,
  `giaNhap` decimal(10,2) DEFAULT NULL,
  `soLuongTon` decimal(10,2) DEFAULT NULL,
  `donViTinh` varchar(50) DEFAULT NULL,
  `ngayNhap` date DEFAULT NULL,
  `isActive` tinyint(1) DEFAULT 1,
  `idNhaCungCap` int(11) DEFAULT NULL,
  `idNhanVien` int(11) DEFAULT NULL
) ENGINE=InnoDB DEFAULT CHARSET=utf8mb4 COLLATE=utf8mb4_unicode_ci;

--
-- Đang đổ dữ liệu cho bảng `khoNguyenLieu`
--

INSERT INTO `khoNguyenLieu` (`idNguyenLieu`, `tenNguyenLieu`, `giaNhap`, `soLuongTon`, `donViTinh`, `ngayNhap`, `isActive`, `idNhaCungCap`, `idNhanVien`) VALUES
(1, 'Hạt Cafe Robusta', 200000.00, 10000.00, 'gram', '2025-12-03', 1, 1, 1),
(2, 'Hạt Cafe Arabica', 350000.00, 5000.00, 'gram', '2025-12-03', 1, 1, 1),
(3, 'Sữa Tươi Thanh Trùng', 32000.00, 50000.00, 'ml', '2025-12-03', 1, 2, 1),
(4, 'Sữa Đặc Ngôi Sao', 22000.00, 100.00, 'hop', '2025-12-03', 1, 2, 1),
(5, 'Sữa Chua Có Đường', 6000.00, 200.00, 'hop', '2025-12-03', 1, 2, 1),
(6, 'Trà Đen Phúc Long', 120000.00, 3000.00, 'gram', '2025-12-03', 1, 3, 1),
(7, 'Trà Oolong', 250000.00, 2000.00, 'gram', '2025-12-03', 1, 3, 1),
(8, 'Trà Lài', 150000.00, 2000.00, 'gram', '2025-12-03', 1, 3, 1),
(9, 'Đào Ngâm Hộp', 65000.00, 50.00, 'hop', '2025-12-03', 1, 3, 1),
(10, 'Vải Ngâm Hộp', 68000.00, 50.00, 'hop', '2025-12-03', 1, 3, 1),
(11, 'Cam Tươi', 25000.00, 20.00, 'kg', '2025-12-03', 1, 4, 1),
(12, 'Bơ Sáp', 45000.00, 15.00, 'kg', '2025-12-03', 1, 4, 1),
(13, 'Trân Châu Đen', 40000.00, 5000.00, 'gram', '2025-12-03', 1, 3, 1),
(14, 'Đường Cát', 18000.00, 10000.00, 'gram', '2025-12-03', 1, 3, 1),
(15, 'Bột Cacao', 150000.00, 2000.00, 'gram', '2025-12-03', 1, 3, 1),
(16, 'gừng', 5000.00, 100.00, 'kg', '2025-12-04', 1, 4, 1),
(17, 'Syrup Bạc Hà', 180000.00, 20.00, 'chai', '2025-12-05', 1, 6, 1),
(18, 'Syrup Dâu', 180000.00, 15.00, 'chai', '2025-12-05', 1, 6, 1),
(19, 'Dâu Tây Tươi', 150000.00, 10.00, 'kg', '2025-12-06', 1, 7, 1),
(20, 'Lá Bạc Hà', 50000.00, 2.00, 'kg', '2025-12-06', 1, 7, 1),
(21, 'Bột Matcha Nhật', 500000.00, 5000.00, 'gram', '2025-12-05', 1, 3, 1),
(22, 'Đá Bi', 20000.00, 100.00, 'bao', '2025-12-09', 1, 6, 1),
(23, 'Kem Béo Rich', 45000.00, 40.00, 'hop', '2025-12-05', 1, 3, 1),
(24, 'Ly Nhựa PP 700ml', 500.00, 2000.00, 'cai', '2025-12-01', 1, 5, 1),
(25, 'Ống Hút To', 200.00, 5000.00, 'cai', '2025-12-01', 1, 5, 1);

-- --------------------------------------------------------

--
-- Cấu trúc bảng cho bảng `luong`
--

CREATE TABLE `luong` (
  `idNhanVien` int(11) NOT NULL,
  `idChamCong` bigint(20) NOT NULL,
  `luongNV` decimal(12,2) NOT NULL,
  `soGioCong` decimal(5,2) NOT NULL,
  `tongLuong` decimal(12,2) NOT NULL,
  `ttThanhToan` enum('ChuaThanhToan','DaThanhToan') DEFAULT 'ChuaThanhToan'
) ENGINE=InnoDB DEFAULT CHARSET=utf8mb4 COLLATE=utf8mb4_unicode_ci;

-- --------------------------------------------------------

--
-- Cấu trúc bảng cho bảng `nganHang`
--

CREATE TABLE `nganHang` (
  `idNganHang` int(11) NOT NULL,
  `maNganHang` varchar(20) DEFAULT NULL,
  `tenNganHang` varchar(100) DEFAULT NULL,
  `soTaiKhoan` varchar(50) DEFAULT NULL,
  `tenTaiKhoan` varchar(100) DEFAULT NULL,
  `isActive` tinyint(1) DEFAULT 1
) ENGINE=InnoDB DEFAULT CHARSET=utf8mb4 COLLATE=utf8mb4_unicode_ci;

--
-- Đang đổ dữ liệu cho bảng `nganHang`
--

INSERT INTO `nganHang` (`idNganHang`, `maNganHang`, `tenNganHang`, `soTaiKhoan`, `tenTaiKhoan`, `isActive`) VALUES
(1, 'VCB', 'Vietcombank', '999988886666', 'COFFEE HOUSE', 0),
(2, 'MB', 'MB Bank', '111122223333', 'NGUYEN THANH DAT', 0),
(3, 'MOMO', 'Ví MoMo', '0909111222', 'NGUYEN THANH DAT', 0),
(4, 'MB', 'MB Bank', '0339761204', 'VU VAN HUY', 1);

-- --------------------------------------------------------

--
-- Cấu trúc bảng cho bảng `nhaCungCap`
--

CREATE TABLE `nhaCungCap` (
  `idNhaCungCap` int(11) NOT NULL,
  `tenNhaCungCap` varchar(255) DEFAULT NULL,
  `soDienThoai` varchar(15) DEFAULT NULL,
  `diaChi` text DEFAULT NULL,
  `ngayCapNhat` date DEFAULT NULL,
  `isActive` tinyint(1) DEFAULT 1
) ENGINE=InnoDB DEFAULT CHARSET=utf8mb4 COLLATE=utf8mb4_unicode_ci;

--
-- Đang đổ dữ liệu cho bảng `nhaCungCap`
--

INSERT INTO `nhaCungCap` (`idNhaCungCap`, `tenNhaCungCap`, `soDienThoai`, `diaChi`, `ngayCapNhat`, `isActive`) VALUES
(1, 'Trung Nguyên Legend', '0283925777', '82-84 Bùi Thị Xuân, P. Bến Thành, Q.1, TP.HCM', NULL, 1),
(2, 'Vinamilk Pro', '1900636979', '10 Tân Trào, P. Tân Phú, Q.7, TP.HCM', NULL, 1),
(3, 'Nguyên Liệu Pha Chế Việt', '0901234567', '350/12 Huỳnh Tấn Phát, P. Bình Thuận, Q.7, TP.HCM', NULL, 1),
(4, 'Nông Sản Sạch Đà Lạt', '0633888999', 'Số 15, Đường Mai Anh Đào, P.8, TP. Đà Lạt, Lâm Đồng', NULL, 1),
(5, 'Bao Bì Xanh', '0289999888', '172 Bình Long, P. Phú Thạnh, Q. Tân Phú, TP.HCM', NULL, 1),
(6, 'Siêu Thị Metro (MM Mega)', '0283740666', 'Khu B, KĐT An Phú - An Khánh, Q.2, TP.Thủ Đức', NULL, 1),
(7, 'Vườn Dâu Đà Lạt', '0633111222', '144B Vòng Lâm Viên, P.8, TP. Đà Lạt, Lâm Đồng', NULL, 1),
(8, 'Công Ty Hương Liệu Á Châu', '0905123123', 'Lô E, KCN Tân Tạo, Q. Bình Tân, TP.HCM', NULL, 1),
(9, 'Trại Bò Sữa Long Thành', '0251355566', 'Km 14, Quốc lộ 51, Tam Phước, Biên Hòa, Đồng Nai', NULL, 1),
(10, 'Xưởng Bánh Ngọt Bakery', '0988777666', '202 Phạm Văn Hai, P.5, Q. Tân Bình, TP.HCM', NULL, 1);
-- --------------------------------------------------------

--
-- Cấu trúc bảng cho bảng `nhanVien`
--

CREATE TABLE `nhanVien` (
  `idNhanVien` int(11) NOT NULL,
  `hoTen` varchar(100) NOT NULL,
  `soDienThoai` varchar(15) DEFAULT NULL,
  `email` varchar(100) DEFAULT NULL,
  `ngayTao` timestamp NOT NULL DEFAULT current_timestamp(),
  `ngayCapNhat` timestamp NULL DEFAULT NULL ON UPDATE current_timestamp(),
  `trangThaiLamViec` enum('DangLamViec','DaNghiViec') DEFAULT 'DangLamViec',
  `phanQuyen` enum('nhanVien','admin') DEFAULT 'nhanVien',
  `idChucVu` int(11) NOT NULL,
  `idTaiKhoan` int(11) DEFAULT NULL
) ENGINE=InnoDB DEFAULT CHARSET=utf8mb4 COLLATE=utf8mb4_unicode_ci;

--
-- Đang đổ dữ liệu cho bảng `nhanVien`
--

INSERT INTO `nhanVien` (`idNhanVien`, `hoTen`, `soDienThoai`, `email`, `ngayTao`, `ngayCapNhat`, `trangThaiLamViec`, `phanQuyen`, `idChucVu`, `idTaiKhoan`) VALUES
(1, 'Huy(Bố của các con)', '0909111222', 'huyberr@gmail.com', '2025-12-03 09:30:10', '2025-12-09 15:13:59', 'DangLamViec', 'admin', 1, 1),
(2, 'Lê Thị Thanh Hương', '0909333444', 'huong.barista@coffee.com', '2025-12-03 09:30:10', NULL, 'DangLamViec', 'nhanVien', 2, 2),
(3, 'Trần Văn Tính', '0909555666', 'tinh.cashier@coffee.com', '2025-12-03 09:30:10', NULL, 'DangLamViec', 'nhanVien', 5, 3),
(4, 'Phạm Quỳnh Anh', '0909777888', 'anh.pv@coffee.com', '2025-12-03 09:30:10', '2025-12-09 15:05:10', 'DangLamViec', 'nhanVien', 5, 4),
(5, 'Võ Văn Hùng', '0909999000', 'hung.bv@coffee.com', '2025-12-03 09:30:10', '2025-12-09 02:01:20', 'DangLamViec', 'nhanVien', 6, NULL),
(6, 'Vu Van Huy', '0339761204', '20222591@eaut.edu.vn', '2025-12-09 02:20:56', '2025-12-09 14:04:47', 'DangLamViec', 'nhanVien', 4, 6);

-- --------------------------------------------------------

--
-- Cấu trúc bảng cho bảng `sanPham`
--

CREATE TABLE `sanPham` (
  `idSanPham` int(11) NOT NULL,
  `tenSanPham` varchar(255) DEFAULT NULL,
  `moTa` text DEFAULT NULL,
  `giaBan` decimal(10,2) DEFAULT NULL,
  `hinhAnhUrl` text DEFAULT NULL,
  `isActive` tinyint(1) DEFAULT 1,
  `idDanhMuc` int(11) DEFAULT NULL,
  `idNguyenLieu` int(11) DEFAULT NULL
) ENGINE=InnoDB DEFAULT CHARSET=utf8mb4 COLLATE=utf8mb4_unicode_ci;

--
-- Đang đổ dữ liệu cho bảng `sanPham`
--

INSERT INTO `sanPham` (`idSanPham`, `tenSanPham`, `moTa`, `giaBan`, `hinhAnhUrl`, `isActive`, `idDanhMuc`, `idNguyenLieu`) VALUES
(1, 'Cà Phê Đen Đá', 'Cafe Robusta đậm đặc', 25000.00, 'src/images/ca-phe-den-da_1764843845.png', 1, 1, 1),
(2, 'Cà Phê Sữa Đá', 'Robusta kết hợp sữa đặc', 29000.00, 'src/images/Ca_Phe_Sua_Da_1764843790.jpg', 1, 1, 1),
(3, 'Bạc Xỉu', 'Nhiều sữa ít cafe', 35000.00, 'src/images/Bac-xiu-la-gi-nguon-goc-va-cach-lam-bac-xiu-thom-ngon-don-gian-tai-nha-5-800x529_1764843101.jpg', 1, 1, 4),
(4, 'Espresso', 'Chiết xuất máy nguyên chất', 30000.00, 'src/images/ca-phe-espresso-cappuccino-hay-macchiato-khac-nhau-nhu-the-nao-202004081936305660_1764843012.jpg', 1, 2, 2),
(5, 'Latte Nóng', 'Cafe và sữa tươi nóng', 45000.00, 'src/images/cach-pha-matcha-latte-nong_1764842914.jpg', 1, 2, 2),
(6, 'Capuchino', 'Bọt sữa bồng bềnh', 45000.00, 'src/images/capuchino_1764842850.jpg', 1, 2, 2),
(7, 'Trà Đào Cam Sả', 'Best seller', 45000.00, 'src/images/tra-dao-cam-sa_1764842724.jpg', 1, 3, 9),
(8, 'Trà Vải Nhiệt Đới', 'Hương vải thơm lừng', 45000.00, 'src/images/bat-trend-mua-he-bang-mon-tra-vai-nhiet-doi-thom-ngon-mat-lanh71_1764842679.jpg', 1, 3, 10),
(9, 'Lục Trà Cam Vàng', 'Trà lài kết hợp cam tươi', 40000.00, 'src/images/images_1764842615.jpeg', 1, 3, 11),
(10, 'Trà Sữa Truyền Thống', 'Đậm vị trà đen', 35000.00, 'src/images/hoc-cach-pha-tra-sua-o-long-dai-loan-thom-ngon-chuan-vi-ai-cung-me-202108100039248020_1764842567.jpg', 1, 4, 6),
(11, 'Trà Sữa Oolong', 'Thơm nồng nàn', 40000.00, 'src/images/o3_f14456eb3eb445f29cc9ee3f8e35e7a8_grande_1764842180.jpg', 1, 4, 7),
(12, 'Sinh Tố Bơ', 'Bơ sáp dẻo mịn', 50000.00, 'src/images/Untitled_1764842467.jpeg', 1, 5, 12),
(13, 'Sữa Chua Đánh Đá', 'Chua ngọt mát lạnh', 30000.00, 'src/images/2-2_1764842255.jpeg', 1, 5, 5),
(14, 'Trà Gừng', NULL, 35000.00, 'src/images/tragunggmoi-16922725817611373758535_1764842033.jpg', 1, 3, 16);

-- --------------------------------------------------------

--
-- Cấu trúc bảng cho bảng `taiKhoanNhanVien`
--

CREATE TABLE `taiKhoanNhanVien` (
  `idTaiKhoan` int(11) NOT NULL,
  `tenDangNhap` varchar(50) NOT NULL,
  `matKhauHash` varchar(255) NOT NULL,
  `trangThai` tinyint(1) DEFAULT 1 COMMENT '1: Active, 0: Locked'
) ENGINE=InnoDB DEFAULT CHARSET=utf8mb4 COLLATE=utf8mb4_unicode_ci;

--
-- Đang đổ dữ liệu cho bảng `taiKhoanNhanVien`
--

INSERT INTO `taiKhoanNhanVien` (`idTaiKhoan`, `tenDangNhap`, `matKhauHash`, `trangThai`) VALUES
(1, 'admin', '0d18181194b76dbaa7227e97da46363e', 1),
(2, 'barista_truong', 'e10adc3949ba59abbe56e057f20f883e', 1),
(3, 'thu_ngan', 'e10adc3949ba59abbe56e057f20f883e', 1),
(4, 'phuc_vu', 'e10adc3949ba59abbe56e057f20f883e', 1),
(6, 'huy111', '0d18181194b76dbaa7227e97da46363e', 1);

--
-- Chỉ mục cho các bảng đã đổ
--

--
-- Chỉ mục cho bảng `bangChamCong`
--
ALTER TABLE `bangChamCong`
  ADD PRIMARY KEY (`idChamCong`),
  ADD KEY `idNhanVien` (`idNhanVien`);

--
-- Chỉ mục cho bảng `chiTietHoaDon`
--
ALTER TABLE `chiTietHoaDon`
  ADD PRIMARY KEY (`idHoaDon`,`idSanPham`),
  ADD KEY `idSanPham` (`idSanPham`),
  ADD KEY `idNganHang` (`idNganHang`);

--
-- Chỉ mục cho bảng `chiTietSanPham`
--
ALTER TABLE `chiTietSanPham`
  ADD PRIMARY KEY (`idSanPham`,`idNguyenLieu`),
  ADD KEY `idNguyenLieu` (`idNguyenLieu`);

--
-- Chỉ mục cho bảng `chucVu`
--
ALTER TABLE `chucVu`
  ADD PRIMARY KEY (`idChucVu`),
  ADD UNIQUE KEY `tenChucVu` (`tenChucVu`);

--
-- Chỉ mục cho bảng `danhMuc`
--
ALTER TABLE `danhMuc`
  ADD PRIMARY KEY (`idDanhMuc`);

--
-- Chỉ mục cho bảng `hoaDon`
--
ALTER TABLE `hoaDon`
  ADD PRIMARY KEY (`idHoaDon`),
  ADD KEY `idNhanVien` (`idNhanVien`),
  ADD KEY `idKhachHang` (`idKhachHang`),
  ADD KEY `idx_noiDungCK` (`noiDungCK`);

--
-- Chỉ mục cho bảng `khachHang`
--
ALTER TABLE `khachHang`
  ADD PRIMARY KEY (`idKhachHang`);

--
-- Chỉ mục cho bảng `khoNguyenLieu`
--
ALTER TABLE `khoNguyenLieu`
  ADD PRIMARY KEY (`idNguyenLieu`),
  ADD KEY `idNhaCungCap` (`idNhaCungCap`),
  ADD KEY `idNhanVien` (`idNhanVien`);

--
-- Chỉ mục cho bảng `luong`
--
ALTER TABLE `luong`
  ADD PRIMARY KEY (`idNhanVien`,`idChamCong`),
  ADD KEY `idChamCong` (`idChamCong`);

--
-- Chỉ mục cho bảng `nganHang`
--
ALTER TABLE `nganHang`
  ADD PRIMARY KEY (`idNganHang`);

--
-- Chỉ mục cho bảng `nhaCungCap`
--
ALTER TABLE `nhaCungCap`
  ADD PRIMARY KEY (`idNhaCungCap`);

--
-- Chỉ mục cho bảng `nhanVien`
--
ALTER TABLE `nhanVien`
  ADD PRIMARY KEY (`idNhanVien`),
  ADD UNIQUE KEY `soDienThoai` (`soDienThoai`),
  ADD UNIQUE KEY `email` (`email`),
  ADD UNIQUE KEY `idTaiKhoan` (`idTaiKhoan`),
  ADD KEY `idChucVu` (`idChucVu`);

--
-- Chỉ mục cho bảng `sanPham`
--
ALTER TABLE `sanPham`
  ADD PRIMARY KEY (`idSanPham`),
  ADD KEY `idDanhMuc` (`idDanhMuc`),
  ADD KEY `idNguyenLieu` (`idNguyenLieu`);

--
-- Chỉ mục cho bảng `taiKhoanNhanVien`
--
ALTER TABLE `taiKhoanNhanVien`
  ADD PRIMARY KEY (`idTaiKhoan`),
  ADD UNIQUE KEY `tenDangNhap` (`tenDangNhap`);

--
-- AUTO_INCREMENT cho các bảng đã đổ
--

--
-- AUTO_INCREMENT cho bảng `bangChamCong`
--
ALTER TABLE `bangChamCong`
  MODIFY `idChamCong` bigint(20) NOT NULL AUTO_INCREMENT, AUTO_INCREMENT=22;

--
-- AUTO_INCREMENT cho bảng `chucVu`
--
ALTER TABLE `chucVu`
  MODIFY `idChucVu` int(11) NOT NULL AUTO_INCREMENT, AUTO_INCREMENT=7;

--
-- AUTO_INCREMENT cho bảng `danhMuc`
--
ALTER TABLE `danhMuc`
  MODIFY `idDanhMuc` int(11) NOT NULL AUTO_INCREMENT, AUTO_INCREMENT=6;

--
-- AUTO_INCREMENT cho bảng `hoaDon`
--
ALTER TABLE `hoaDon`
  MODIFY `idHoaDon` bigint(20) NOT NULL AUTO_INCREMENT, AUTO_INCREMENT=753;

--
-- AUTO_INCREMENT cho bảng `khachHang`
--
ALTER TABLE `khachHang`
  MODIFY `idKhachHang` int(11) NOT NULL AUTO_INCREMENT, AUTO_INCREMENT=24;

--
-- AUTO_INCREMENT cho bảng `khoNguyenLieu`
--
ALTER TABLE `khoNguyenLieu`
  MODIFY `idNguyenLieu` int(11) NOT NULL AUTO_INCREMENT, AUTO_INCREMENT=26;

--
-- AUTO_INCREMENT cho bảng `nganHang`
--
ALTER TABLE `nganHang`
  MODIFY `idNganHang` int(11) NOT NULL AUTO_INCREMENT, AUTO_INCREMENT=5;

--
-- AUTO_INCREMENT cho bảng `nhaCungCap`
--
ALTER TABLE `nhaCungCap`
  MODIFY `idNhaCungCap` int(11) NOT NULL AUTO_INCREMENT, AUTO_INCREMENT=11;

--
-- AUTO_INCREMENT cho bảng `nhanVien`
--
ALTER TABLE `nhanVien`
  MODIFY `idNhanVien` int(11) NOT NULL AUTO_INCREMENT, AUTO_INCREMENT=7;

--
-- AUTO_INCREMENT cho bảng `sanPham`
--
ALTER TABLE `sanPham`
  MODIFY `idSanPham` int(11) NOT NULL AUTO_INCREMENT, AUTO_INCREMENT=15;

--
-- AUTO_INCREMENT cho bảng `taiKhoanNhanVien`
--
ALTER TABLE `taiKhoanNhanVien`
  MODIFY `idTaiKhoan` int(11) NOT NULL AUTO_INCREMENT, AUTO_INCREMENT=7;

--
-- Các ràng buộc cho các bảng đã đổ
--

--
-- Các ràng buộc cho bảng `bangChamCong`
--
ALTER TABLE `bangChamCong`
  ADD CONSTRAINT `bangchamcong_ibfk_1` FOREIGN KEY (`idNhanVien`) REFERENCES `nhanVien` (`idNhanVien`) ON DELETE CASCADE;

--
-- Các ràng buộc cho bảng `chiTietHoaDon`
--
ALTER TABLE `chiTietHoaDon`
  ADD CONSTRAINT `chitiethoadon_ibfk_1` FOREIGN KEY (`idHoaDon`) REFERENCES `hoaDon` (`idHoaDon`) ON DELETE CASCADE,
  ADD CONSTRAINT `chitiethoadon_ibfk_2` FOREIGN KEY (`idSanPham`) REFERENCES `sanPham` (`idSanPham`),
  ADD CONSTRAINT `chitiethoadon_ibfk_3` FOREIGN KEY (`idNganHang`) REFERENCES `nganHang` (`idNganHang`);

--
-- Các ràng buộc cho bảng `chiTietSanPham`
--
ALTER TABLE `chiTietSanPham`
  ADD CONSTRAINT `chitietsanpham_ibfk_1` FOREIGN KEY (`idSanPham`) REFERENCES `sanPham` (`idSanPham`),
  ADD CONSTRAINT `chitietsanpham_ibfk_2` FOREIGN KEY (`idNguyenLieu`) REFERENCES `khoNguyenLieu` (`idNguyenLieu`);

--
-- Các ràng buộc cho bảng `hoaDon`
--
ALTER TABLE `hoaDon`
  ADD CONSTRAINT `hoadon_ibfk_1` FOREIGN KEY (`idNhanVien`) REFERENCES `nhanVien` (`idNhanVien`),
  ADD CONSTRAINT `hoadon_ibfk_2` FOREIGN KEY (`idKhachHang`) REFERENCES `khachHang` (`idKhachHang`);

--
-- Các ràng buộc cho bảng `khoNguyenLieu`
--
ALTER TABLE `khoNguyenLieu`
  ADD CONSTRAINT `khonguyenlieu_ibfk_1` FOREIGN KEY (`idNhaCungCap`) REFERENCES `nhaCungCap` (`idNhaCungCap`),
  ADD CONSTRAINT `khonguyenlieu_ibfk_2` FOREIGN KEY (`idNhanVien`) REFERENCES `nhanVien` (`idNhanVien`);

--
-- Các ràng buộc cho bảng `luong`
--
ALTER TABLE `luong`
  ADD CONSTRAINT `luong_ibfk_1` FOREIGN KEY (`idNhanVien`) REFERENCES `nhanVien` (`idNhanVien`),
  ADD CONSTRAINT `luong_ibfk_2` FOREIGN KEY (`idChamCong`) REFERENCES `bangChamCong` (`idChamCong`) ON DELETE CASCADE;

--
-- Các ràng buộc cho bảng `nhanVien`
--
ALTER TABLE `nhanVien`
  ADD CONSTRAINT `nhanvien_ibfk_1` FOREIGN KEY (`idChucVu`) REFERENCES `chucVu` (`idChucVu`),
  ADD CONSTRAINT `nhanvien_ibfk_2` FOREIGN KEY (`idTaiKhoan`) REFERENCES `taiKhoanNhanVien` (`idTaiKhoan`) ON DELETE SET NULL;

--
-- Các ràng buộc cho bảng `sanPham`
--
ALTER TABLE `sanPham`
  ADD CONSTRAINT `sanpham_ibfk_1` FOREIGN KEY (`idDanhMuc`) REFERENCES `danhMuc` (`idDanhMuc`),
  ADD CONSTRAINT `sanpham_ibfk_2` FOREIGN KEY (`idNguyenLieu`) REFERENCES `khoNguyenLieu` (`idNguyenLieu`);
COMMIT;

/*!40101 SET CHARACTER_SET_CLIENT=@OLD_CHARACTER_SET_CLIENT */;
/*!40101 SET CHARACTER_SET_RESULTS=@OLD_CHARACTER_SET_RESULTS */;
/*!40101 SET COLLATION_CONNECTION=@OLD_COLLATION_CONNECTION */;
